City_ID,City,Country,Date,Lat,Lng,Max Temp,Humidity,Cloudiness,Wind Speed
0,Berlevag,NO,2022-07-16 23:50:52,70.8578,29.0864,51.8,93,100,19.57
1,Fethiye,TR,2022-07-16 23:50:52,36.6217,29.1164,69.67,36,0,6.29
2,Bom Jesus,BR,2022-07-16 23:50:53,-9.0744,-44.3586,73.92,41,4,2.95
3,Bambous Virieux,MU,2022-07-16 23:50:53,-20.3428,57.7575,70.05,73,40,13.8
4,Tuatapere,NZ,2022-07-16 23:50:53,-46.1333,167.6833,45.9,89,100,10.16
5,Sao Filipe,CV,2022-07-16 23:50:54,14.8961,-24.4956,75.63,84,13,8.63
6,Caravelas,BR,2022-07-16 23:50:54,-17.7125,-39.2481,70.23,87,3,4.79
7,Mataura,NZ,2022-07-16 23:50:33,-46.1927,168.8643,48.47,74,100,4.59
8,Airai,TL,2022-07-16 23:50:55,-8.9266,125.4092,61.41,78,82,4.05
9,New Norfolk,AU,2022-07-16 23:50:55,-42.7826,147.0587,53.92,80,98,4.0
10,Rikitea,PF,2022-07-16 23:50:55,-23.1203,-134.9692,72.81,76,99,12.53
11,Barahan,PH,2022-07-16 23:50:56,13.0121,120.762,82.6,75,100,1.83
12,Ushuaia,AR,2022-07-16 23:48:18,-54.8,-68.3,40.66,60,20,5.75
13,Pevek,RU,2022-07-16 23:50:56,69.7008,170.3133,35.49,98,100,10.27
14,Kapaa,US,2022-07-16 23:50:56,22.0752,-159.319,84.18,74,100,18.41
15,Tiksi,RU,2022-07-16 23:50:57,71.6872,128.8694,38.75,91,89,8.52
16,Naze,JP,2022-07-16 23:50:57,28.3667,129.4833,79.72,84,100,14.43
17,Kazanka,UA,2022-07-16 23:50:57,47.8462,32.8218,63.16,49,3,6.71
18,Georgetown,MY,2022-07-16 23:50:14,5.4112,100.3354,83.89,90,20,3.44
19,Dickinson,US,2022-07-16 23:50:58,29.4608,-95.0513,94.12,65,20,17.27
20,Bagdarin,RU,2022-07-16 23:50:59,54.4333,113.6,60.66,88,100,2.75
21,Xichang,CN,2022-07-16 23:50:59,27.8964,102.2634,72.3,87,98,1.1
22,The Valley,AI,2022-07-16 23:50:59,18.217,-63.0578,82.54,78,20,14.97
23,Bone,DE,2022-07-16 23:51:00,51.9669,12.1396,53.89,59,67,5.35
24,Eureka,US,2022-07-16 23:47:41,40.8021,-124.1637,71.13,74,32,8.99
25,Provideniya,RU,2022-07-16 23:51:01,64.3833,-173.3,54.0,56,75,7.34
26,Harper,LR,2022-07-16 23:51:01,4.375,-7.7169,75.16,85,100,9.57
27,Marzuq,YE,2022-07-16 23:51:01,14.4,46.4667,82.18,40,88,2.3
28,Cape Town,ZA,2022-07-16 23:49:02,-33.9258,18.4232,67.12,49,0,5.75
29,Kautokeino,NO,2022-07-16 23:51:02,69.0125,23.0412,47.59,95,100,11.07
30,East London,ZA,2022-07-16 23:51:02,-33.0153,27.9116,65.01,36,0,7.11
31,Butaritari,KI,2022-07-16 23:51:03,3.0707,172.7902,81.07,76,100,8.86
32,Norman Wells,CA,2022-07-16 23:51:03,65.282,-126.8329,69.84,52,75,16.11
33,Flinders,AU,2022-07-16 23:51:04,-34.5833,150.8552,64.06,53,1,9.98
34,Saint-Augustin,CA,2022-07-16 23:51:04,51.226,-58.6502,58.12,74,39,5.66
35,Bose,IT,2022-07-16 23:51:04,45.4612,8.0137,76.21,65,2,5.82
36,Pangnirtung,CA,2022-07-16 23:51:05,66.1451,-65.7125,51.26,60,78,2.3
37,Touros,BR,2022-07-16 23:51:05,-5.1989,-35.4608,75.34,89,48,13.49
38,Farafangana,MG,2022-07-16 23:51:05,-22.8167,47.8333,67.48,83,59,9.86
39,Barrow,US,2022-07-16 23:51:06,71.2906,-156.7887,44.62,76,100,14.97
40,Punta Arenas,CL,2022-07-16 23:49:35,-53.15,-70.9167,33.91,69,75,11.5
41,Puerto Ayora,EC,2022-07-16 23:51:07,-0.7393,-90.3518,67.55,96,41,5.99
42,Vila Franca Do Campo,PT,2022-07-16 23:51:07,37.7167,-25.4333,73.2,92,9,6.67
43,Nzerekore,GN,2022-07-16 23:51:07,7.7562,-8.8179,69.44,99,99,4.38
44,Busselton,AU,2022-07-16 23:51:08,-33.65,115.3333,56.77,72,99,9.46
45,Bredasdorp,ZA,2022-07-16 23:51:08,-34.5322,20.0403,60.3,34,69,7.29
46,Kodiak,US,2022-07-16 23:52:09,57.79,-152.4072,62.11,77,100,9.22
47,Arcachon,FR,2022-07-16 23:52:10,44.5875,-1.0519,77.41,38,0,6.91
48,Hobart,AU,2022-07-16 23:47:37,-42.8794,147.3294,54.27,69,40,10.36
49,Bilibino,RU,2022-07-16 23:52:10,68.0546,166.4372,53.83,61,69,17.83
50,Qui Nhon,VN,2022-07-16 23:52:11,13.7667,109.2333,81.72,78,75,5.99
51,Pozo Colorado,PY,2022-07-16 23:52:11,-23.4923,-58.7972,50.65,87,100,5.23
52,Bethel,US,2022-07-16 23:52:11,41.3712,-73.414,77.09,79,0,0.0
53,Evensk,RU,2022-07-16 23:52:12,61.95,159.2333,51.76,96,100,4.5
54,Behshahr,IR,2022-07-16 23:52:12,36.6923,53.5526,77.97,70,0,2.13
55,Hermanus,ZA,2022-07-16 23:52:13,-34.4187,19.2345,62.73,49,51,7.96
56,Fairbanks,US,2022-07-16 23:51:32,64.8378,-147.7164,65.61,71,75,6.91
57,Canico,PT,2022-07-16 23:52:13,32.6333,-16.85,69.71,85,20,0.0
58,Clyde River,CA,2022-07-16 23:52:13,70.4692,-68.5914,41.23,81,0,6.91
59,Kurtalan,TR,2022-07-16 23:52:14,37.9272,41.7028,80.51,23,0,1.83
60,Hilo,US,2022-07-16 23:52:14,19.7297,-155.09,84.27,94,100,11.5
61,Roald,NO,2022-07-16 23:52:15,62.5833,6.1333,55.17,82,75,9.22
62,Liverpool,GB,2022-07-16 23:50:01,53.4106,-2.9779,63.61,78,0,2.3
63,Leningradskiy,RU,2022-07-16 23:52:15,69.3833,178.4167,40.05,86,100,2.28
64,Albany,US,2022-07-16 23:49:31,42.6001,-73.9662,78.26,63,100,3.67
65,Broome,US,2022-07-16 23:51:00,42.2506,-75.833,78.19,64,0,6.91
66,Torata,PE,2022-07-16 23:52:16,-17.0769,-70.8433,54.86,36,7,2.26
67,Severo-Kurilsk,RU,2022-07-16 23:50:31,50.6789,156.125,55.56,90,100,3.4
68,Lavrentiya,RU,2022-07-16 23:52:16,65.5833,-171.0,53.76,61,78,10.27
69,Storrs,US,2022-07-16 23:52:17,41.8084,-72.2495,75.16,81,100,4.5
70,Port Alfred,ZA,2022-07-16 23:52:08,-33.5906,26.891,66.49,39,4,10.33
71,Vardo,NO,2022-07-16 23:52:17,70.3705,31.1107,53.58,87,40,11.5
72,Coquimbo,CL,2022-07-16 23:52:18,-29.9533,-71.3436,55.13,71,0,1.14
73,Pombia,IT,2022-07-16 23:52:18,45.653,8.6336,82.26,68,0,3.0
74,Bandarbeyla,SO,2022-07-16 23:52:18,9.4942,50.8122,78.96,63,92,33.31
75,Vaini,TO,2022-07-16 23:52:19,-21.2,-175.2,80.76,89,20,8.05
76,Khatanga,RU,2022-07-16 23:52:19,71.9667,102.5,63.05,51,24,6.87
77,Half Moon Bay,US,2022-07-16 23:52:20,37.4636,-122.4286,94.53,77,20,20.71
78,Avera,US,2022-07-16 23:52:20,33.194,-82.5271,85.55,74,85,4.05
79,Petropavlovsk-Kamchatskiy,RU,2022-07-16 23:52:20,53.0452,158.6483,61.39,94,75,4.47
80,Soe,ID,2022-07-16 23:52:21,-9.8607,124.284,67.32,80,76,6.04
81,Iqaluit,CA,2022-07-16 23:52:21,63.7506,-68.5145,60.53,59,75,16.11
82,Birao,CF,2022-07-16 23:52:21,10.2849,22.7882,70.23,96,67,4.34
83,Arraial Do Cabo,BR,2022-07-16 23:52:22,-22.9661,-42.0278,78.66,61,0,12.66
84,Longyearbyen,SJ,2022-07-16 23:52:22,78.2186,15.6401,53.44,66,0,6.91
85,Rabo De Peixe,PT,2022-07-16 23:52:23,37.8,-25.5833,72.28,72,75,10.36
86,Bluff,NZ,2022-07-16 23:52:07,-46.6,168.3333,48.79,72,100,20.31
87,Limenaria,GR,2022-07-16 23:52:23,40.6261,24.5786,79.95,68,2,7.11
88,Qaanaaq,GL,2022-07-16 23:52:23,77.484,-69.3632,49.08,78,33,7.43
89,Hithadhoo,MV,2022-07-16 23:52:24,-0.6,73.0833,83.26,75,18,15.41
90,Micheweni,TZ,2022-07-16 23:53:24,-4.9667,39.8333,74.57,80,84,12.28
91,Carnarvon,AU,2022-07-16 23:53:25,-24.8667,113.6333,66.65,52,91,6.42
92,French Harbor,HN,2022-07-16 23:53:26,16.35,-86.4333,84.2,87,75,9.22
93,Kargasok,RU,2022-07-16 23:53:26,59.0556,80.8572,52.59,94,94,5.93
94,Oyama,JP,2022-07-16 23:53:27,36.3,139.8,77.59,76,94,6.71
95,Tautira,PF,2022-07-16 23:53:27,-17.7333,-149.15,74.88,76,24,19.64
96,Jawhar,SO,2022-07-16 23:53:28,2.7809,45.5005,72.86,81,73,13.13
97,Kaeo,NZ,2022-07-16 23:51:02,-35.1,173.7833,61.32,73,5,4.9
98,Sri Aman,MY,2022-07-16 23:53:28,1.2376,111.4621,71.65,94,100,10.36
99,Tasiilaq,GL,2022-07-16 23:53:29,65.6145,-37.6368,40.48,67,99,3.96
100,Buala,SB,2022-07-16 23:53:29,-8.145,159.5921,82.53,76,87,10.65
101,Zhezkazgan,KZ,2022-07-16 23:53:29,47.8043,67.7144,73.89,44,11,8.1
102,Port Hardy,CA,2022-07-16 23:53:30,50.6996,-127.4199,59.18,88,75,3.44
103,Kisesa,TZ,2022-07-16 23:53:30,-3.0833,34.15,63.54,60,49,8.46
104,Okhotsk,RU,2022-07-16 23:53:31,59.3833,143.3,59.65,87,94,4.74
105,Port Hawkesbury,CA,2022-07-16 23:53:31,45.6169,-61.3485,74.32,67,40,0.0
106,Hashtrud,IR,2022-07-16 23:53:31,37.4779,47.0508,68.5,35,0,3.58
107,Elban,RU,2022-07-16 23:53:32,50.1018,136.5094,69.8,71,100,6.87
108,Tura,IN,2022-07-16 23:53:32,25.5198,90.2201,75.33,92,55,5.39
109,Kibala,TD,2022-07-16 23:53:33,9.1104,18.3463,73.35,94,0,8.05
110,Castro,BR,2022-07-16 23:53:33,-24.7911,-50.0119,72.03,48,85,11.18
111,Codrington,AU,2022-07-16 23:53:33,-38.2667,141.9667,51.8,83,87,17.81
112,Xai-Xai,MZ,2022-07-16 23:53:34,-25.0519,33.6442,67.06,76,81,8.61
113,Ucluelet,CA,2022-07-16 23:53:34,48.9329,-125.5528,63.09,82,98,3.0
114,Faranah,GN,2022-07-16 23:53:34,10.0404,-10.7434,71.46,95,100,9.33
115,Hualmay,PE,2022-07-16 23:53:35,-11.0964,-77.6139,61.29,82,29,11.52
116,Bengkulu,ID,2022-07-16 23:53:35,-3.8004,102.2655,75.52,84,97,3.49
117,Sambava,MG,2022-07-16 23:53:36,-14.2667,50.1667,67.64,80,26,9.73
118,Ca Mau,VN,2022-07-16 23:53:20,9.1769,105.15,78.93,90,60,3.98
119,Sitka,US,2022-07-16 23:48:56,57.0531,-135.33,60.69,82,100,5.75
120,Jamestown,US,2022-07-16 23:50:06,42.097,-79.2353,76.64,53,100,8.05
121,Saint-Philippe,RE,2022-07-16 23:53:36,-21.3585,55.7679,67.59,77,36,11.48
122,Benguela,AO,2022-07-16 23:53:36,-12.5763,13.4055,66.47,91,1,1.59
123,Axim,GH,2022-07-16 23:53:37,4.8699,-2.2405,75.67,83,100,11.25
124,Tazovskiy,RU,2022-07-16 23:53:37,67.4667,78.7,55.9,68,74,6.93
125,Upernavik,GL,2022-07-16 23:53:38,72.7868,-56.1549,42.64,91,100,12.35
126,Merauke,ID,2022-07-16 23:53:38,-8.4667,140.3333,79.2,71,71,16.8
127,Talnakh,RU,2022-07-16 23:50:58,69.4865,88.3972,60.21,48,100,4.81
128,Tabou,CI,2022-07-16 23:53:39,4.423,-7.3528,75.04,86,100,9.73
129,Aden,YE,2022-07-16 23:53:39,12.7794,45.0367,83.84,79,100,6.31
130,San Vicente,AR,2022-07-16 23:53:39,-26.6167,-54.1333,47.01,98,100,5.17
131,Vila Velha,BR,2022-07-16 23:53:40,-20.3297,-40.2925,73.35,88,0,11.5
132,Verkhoyansk,RU,2022-07-16 23:53:40,67.5447,133.385,52.74,83,100,3.78
133,Fortuna,US,2022-07-16 23:50:56,40.5982,-124.1573,70.86,72,26,8.01
134,Saint George,US,2022-07-16 23:54:41,37.1041,-113.5841,110.62,14,0,6.91
135,Healdsburg,US,2022-07-16 23:54:41,38.6105,-122.8692,107.01,28,0,5.01
136,Moroto,UG,2022-07-16 23:54:42,2.5345,34.6666,68.18,71,86,3.91
137,Goderich,CA,2022-07-16 23:54:42,43.7501,-81.7165,77.32,47,86,5.75
138,Lichinga,MZ,2022-07-16 23:54:42,-13.3128,35.2406,47.3,94,5,3.06
139,Batagay-Alyta,RU,2022-07-16 23:54:43,67.8006,130.4114,48.07,82,100,4.92
140,Kindu,CD,2022-07-16 23:54:43,-2.95,25.95,75.07,70,39,2.19
141,Kapoeta,SS,2022-07-16 23:54:43,4.7717,33.5903,73.72,74,75,1.77
142,Mushie,CD,2022-07-16 23:54:44,-3.0167,16.9,78.73,42,49,1.66
143,Chokurdakh,RU,2022-07-16 23:54:44,70.6333,147.9167,44.4,64,100,20.45
144,Shirokiy,RU,2022-07-16 23:54:45,49.758,129.523,66.27,97,100,4.41
145,Saint-Denis,FR,2022-07-16 23:54:45,48.9167,2.3333,72.14,49,0,11.5
146,Pisco,PE,2022-07-16 23:54:46,-13.7,-76.2167,63.01,72,9,9.22
147,Saskylakh,RU,2022-07-16 23:54:46,71.9167,114.0833,56.21,62,58,10.27
148,Chicama,PE,2022-07-16 23:54:46,-7.8447,-79.1469,59.54,80,9,7.87
149,Paragominas,BR,2022-07-16 23:54:47,-2.9667,-47.4833,78.91,66,99,3.2
150,Torbay,CA,2022-07-16 23:54:47,47.6666,-52.7314,66.97,69,40,14.97
151,Dikson,RU,2022-07-16 23:54:42,73.5069,80.5464,47.43,68,45,4.38
152,La Ronge,CA,2022-07-16 23:54:48,55.1001,-105.2842,79.05,47,40,6.91
153,Isangel,VU,2022-07-16 23:54:48,-19.55,169.2667,73.02,70,50,20.49
154,Lujan,AR,2022-07-16 23:50:02,-34.5703,-59.105,49.71,68,94,3.0
155,Acapulco,MX,2022-07-16 23:52:31,16.8634,-99.8901,82.35,81,99,12.17
156,Lorengau,PG,2022-07-16 23:54:49,-2.0226,147.2712,84.76,70,7,10.69
157,Vestmannaeyjar,IS,2022-07-16 23:54:49,63.4427,-20.2734,51.17,81,100,5.79
158,Namibe,AO,2022-07-16 23:54:49,-15.1961,12.1522,67.28,80,35,7.56
159,Faanui,PF,2022-07-16 23:54:50,-16.4833,-151.75,77.5,62,69,23.69
160,Kamenka,RU,2022-07-16 23:54:50,51.3223,42.7678,62.69,81,85,7.38
161,Nurma,RU,2022-07-16 23:54:51,59.55,31.0167,48.45,88,39,5.3
162,Bud,US,2022-07-16 23:54:51,39.447,-86.1758,88.05,64,44,5.12
163,Melilla,ES,2022-07-16 23:49:54,35.2937,-2.9383,77.38,83,0,4.61
164,Igrim,RU,2022-07-16 23:54:51,63.1906,64.4162,57.94,65,89,3.98
165,Atasu,KZ,2022-07-16 23:54:52,48.6814,71.6433,70.72,51,0,9.13
166,Hegang,CN,2022-07-16 23:54:52,47.4,130.3667,61.97,99,100,6.53
167,Gravina In Puglia,IT,2022-07-16 23:54:52,40.8197,16.4228,82.54,39,0,1.52
168,Mehamn,NO,2022-07-16 23:54:53,71.0357,27.8492,51.75,93,100,23.02
169,Kaspiyskiy,RU,2022-07-16 23:54:53,45.3929,47.3707,78.37,74,0,4.12
170,Nikolskoye,RU,2022-07-16 23:54:54,59.7035,30.7861,52.81,92,34,5.48
171,San Patricio,US,2022-07-16 23:54:54,28.017,-97.5169,92.53,47,6,15.59
172,Salalah,OM,2022-07-16 23:54:54,17.0151,54.0924,76.98,96,100,8.66
173,Langenzersdorf,AT,2022-07-16 23:54:55,48.3,16.35,69.24,64,86,1.01
174,Katsuura,JP,2022-07-16 23:54:55,35.1333,140.3,77.02,87,100,17.16
175,Yellowknife,CA,2022-07-16 23:53:34,62.456,-114.3525,64.92,82,75,3.44
176,Esperance,AU,2022-07-16 23:54:56,-33.8667,121.9,53.65,78,17,6.06
177,Margate,GB,2022-07-16 23:54:56,51.3813,1.3862,64.9,83,54,3.0
178,Venado Tuerto,AR,2022-07-16 23:54:56,-33.7456,-61.9688,43.77,67,54,7.56
179,Narsaq,GL,2022-07-16 23:54:57,60.9167,-46.05,42.33,81,83,4.38
180,Nara,JP,2022-07-16 23:54:25,34.6851,135.8049,81.91,63,45,6.06
181,Chuy,UY,2022-07-16 23:54:57,-33.6971,-53.4616,47.68,93,100,14.41
182,Awjilah,LY,2022-07-16 23:55:58,29.1081,21.2869,76.77,56,0,13.02
183,Husavik,IS,2022-07-16 23:55:58,66.0449,-17.3389,51.13,92,100,3.96
184,Korla,CN,2022-07-16 23:55:58,41.7597,86.1469,74.53,41,62,2.93
185,Komsomolskiy,UZ,2022-07-16 23:55:59,40.4272,71.7189,77.72,31,0,4.61
186,Port Elizabeth,ZA,2022-07-16 23:55:59,-33.918,25.5701,52.09,76,0,4.61
187,Shakawe,BW,2022-07-16 23:55:59,-18.3667,21.85,49.06,53,0,5.12
188,Klaksvik,FO,2022-07-16 23:56:00,62.2266,-6.589,50.92,87,53,15.9
189,Meulaboh,ID,2022-07-16 23:56:00,4.1363,96.1285,75.97,90,97,4.09
190,Vila,PT,2022-07-16 23:56:00,42.0304,-8.1588,64.71,76,50,4.16
191,Orong,PH,2022-07-16 23:56:01,9.9375,122.8289,80.24,87,100,4.61
192,Coahuayana,MX,2022-07-16 23:56:01,18.7333,-103.6833,78.55,87,99,2.42
193,Samarai,PG,2022-07-16 23:56:01,-10.6167,150.6667,80.47,81,77,16.28
194,Dubreka,GN,2022-07-16 23:56:02,9.7911,-13.5233,77.36,92,99,0.98
195,Oxford,GB,2022-07-16 23:52:33,51.7522,-1.256,66.47,73,100,7.61
196,Guerrero Negro,MX,2022-07-16 23:56:02,27.9769,-114.0611,73.17,66,74,18.54
197,Kolda,SN,2022-07-16 23:56:02,12.8833,-14.95,84.51,84,40,4.61
198,Marfino,RU,2022-07-16 23:56:03,55.7028,37.3822,59.34,72,0,4.47
199,Stephenville,US,2022-07-16 23:56:03,32.2207,-98.2023,98.87,32,40,5.99
200,Gondanglegi,ID,2022-07-16 23:56:03,-7.7479,112.0132,75.83,88,22,14.05
201,Lagoa,PT,2022-07-16 23:56:04,39.05,-27.9833,69.8,90,0,7.7
202,Mar Del Plata,AR,2022-07-16 23:51:26,-38.0023,-57.5575,47.08,76,100,13.8
203,Chau Doc,VN,2022-07-16 23:56:04,10.7,105.1167,79.27,89,83,7.02
204,Dingle,PH,2022-07-16 23:56:05,10.9995,122.6711,79.11,87,99,5.03
205,Mahebourg,MU,2022-07-16 23:56:05,-20.4081,57.7,70.09,73,40,13.8
206,Qiongshan,CN,2022-07-16 23:56:05,20.0058,110.3542,82.38,89,0,6.71
207,Sioux Lookout,CA,2022-07-16 23:56:06,50.1001,-91.917,82.47,44,20,5.75
208,Nabire,ID,2022-07-16 23:56:06,-3.3667,135.4833,76.93,92,100,3.67
209,Marawi,PH,2022-07-16 23:56:07,7.9986,124.2928,71.92,89,98,0.96
210,Adelaide,AU,2022-07-16 23:52:05,-34.9333,138.6,55.22,91,75,13.8
211,Coachella,US,2022-07-16 23:56:07,33.6803,-116.1739,118.42,17,0,5.99
212,Ponta Delgada,PT,2022-07-16 23:56:07,37.7333,-25.6667,73.51,83,75,10.36
213,Frankfurt,DE,2022-07-16 23:55:31,50.1167,8.6833,64.29,53,0,8.05
214,Lhokseumawe,ID,2022-07-16 23:56:08,5.1801,97.1507,77.56,88,100,4.0
215,Zaysan,KZ,2022-07-16 23:56:08,47.4667,84.8667,73.08,34,31,5.26
216,Makakilo City,US,2022-07-16 23:56:09,21.3469,-158.0858,84.56,68,75,13.8
217,Pacific Grove,US,2022-07-16 23:53:27,36.6177,-121.9166,81.25,82,0,11.5
218,Port Macquarie,AU,2022-07-16 23:56:09,-31.4333,152.9167,59.9,52,58,9.66
219,Lompoc,US,2022-07-16 23:55:51,34.6391,-120.4579,95.02,68,0,14.97
220,Nome,US,2022-07-16 23:56:10,64.5011,-165.4064,64.17,63,19,6.78
221,Matara,LK,2022-07-16 23:56:10,5.9485,80.5353,77.0,92,98,7.11
222,Belen,TR,2022-07-16 23:56:11,36.4891,36.2233,67.55,90,2,7.74
223,Puerto Escondido,MX,2022-07-16 23:56:11,15.85,-97.0667,84.0,72,99,5.35
224,Monywa,MM,2022-07-16 23:56:11,22.1167,95.1333,83.57,69,37,11.32
225,Atuona,PF,2022-07-16 23:56:12,-9.8,-139.0333,77.5,73,54,14.99
226,Yar-Sale,RU,2022-07-16 23:56:12,66.8333,70.8333,56.05,66,20,6.33
227,Sao Joao Da Barra,BR,2022-07-16 23:56:12,-21.6403,-41.0511,72.07,84,85,20.04
228,Olafsvik,IS,2022-07-16 23:52:09,64.8945,-23.7142,50.68,90,100,2.82
229,Toamasina,MG,2022-07-16 23:56:13,-18.1667,49.3833,68.41,84,57,9.64
230,Khomeyn,IR,2022-07-16 23:56:13,33.6423,50.0789,69.19,20,0,3.36
231,Pangody,RU,2022-07-16 23:57:14,65.85,74.4859,58.89,64,4,7.34
232,Tecpan,GT,2022-07-16 23:57:14,14.7623,-90.9947,63.9,85,95,4.03
233,Villeneuve-Sur-Lot,FR,2022-07-16 23:57:14,44.5,0.6667,71.73,61,10,7.63
234,Kruisfontein,ZA,2022-07-16 23:57:15,-34.0033,24.7314,62.4,27,42,10.07
235,San Francisco,US,2022-07-16 23:53:46,37.7749,-122.4194,87.26,73,20,20.71
236,Buraydah,SA,2022-07-16 23:57:15,26.326,43.975,90.05,10,15,7.96
237,Grants Pass,US,2022-07-16 23:57:16,42.439,-123.3284,95.45,33,0,11.5
238,Thompson,CA,2022-07-16 23:57:16,55.7435,-97.8558,75.36,60,100,10.36
239,Pasni,PK,2022-07-16 23:57:17,25.2631,63.471,85.41,74,100,2.75
240,Barcelona,ES,2022-07-16 23:54:23,41.3888,2.159,86.72,52,0,5.75
241,Abalak,RU,2022-07-16 23:57:17,58.1286,68.5944,57.65,96,88,5.14
242,Laramie,US,2022-07-16 23:57:18,41.3114,-105.5911,85.08,25,76,9.46
243,Nanpara,IN,2022-07-16 23:57:18,27.8667,81.5,87.84,56,3,7.11
244,Balikpapan,ID,2022-07-16 23:57:18,-1.2675,116.8289,77.99,83,40,9.22
245,Jangipur,IN,2022-07-16 23:57:19,24.4667,88.0667,82.33,81,16,10.92
246,Qurayyat,SA,2022-07-16 23:57:19,31.3318,37.3428,73.58,49,0,11.5
247,Dutlwe,BW,2022-07-16 23:57:19,-23.9833,23.9,51.22,57,0,8.46
248,Bulgan,MN,2022-07-16 23:57:20,48.8125,103.5347,59.27,59,3,3.29
249,Basco,PH,2022-07-16 23:57:20,20.4487,121.9702,84.76,81,91,17.43
250,Nizhniy Lomov,RU,2022-07-16 23:57:21,53.5304,43.6766,60.8,74,81,1.14
251,Hay River,CA,2022-07-16 23:56:03,60.8156,-115.7999,69.78,60,63,5.75
252,Ribeira Grande,PT,2022-07-16 23:57:21,38.5167,-28.7,71.58,89,1,6.33
253,Hervey Bay,AU,2022-07-16 23:57:21,-25.2986,152.8535,66.24,59,99,3.85
254,Ginir,ET,2022-07-16 23:57:22,7.1333,40.7,55.22,86,76,8.1
255,Grindavik,IS,2022-07-16 23:57:23,63.8424,-22.4338,51.75,100,100,3.44
256,Karoi,ZW,2022-07-16 23:57:24,-16.8099,29.6925,53.01,50,29,3.71
257,Constitucion,CL,2022-07-16 23:57:24,-35.3333,-72.4167,46.76,76,74,3.11
258,Zheleznodorozhnyy,RU,2022-07-16 23:57:25,55.7503,38.0042,59.61,71,90,1.97
259,Beyneu,KZ,2022-07-16 23:57:25,45.3167,55.2,86.2,18,22,10.36
260,Bubaque,GW,2022-07-16 23:57:25,11.2833,-15.8333,80.92,84,19,13.27
261,Antalaha,MG,2022-07-16 23:57:26,-14.9003,50.2788,67.28,86,51,6.31
262,Guarapari,BR,2022-07-16 23:57:26,-20.6667,-40.4975,71.89,77,88,11.72
263,Kimbe,PG,2022-07-16 23:57:26,-5.5502,150.1429,86.2,63,27,3.24
264,Itoman,JP,2022-07-16 23:57:27,26.1247,127.6694,84.4,94,100,8.05
265,Kaitangata,NZ,2022-07-16 23:57:28,-46.2817,169.8464,43.18,70,100,4.12
266,Araguacu,BR,2022-07-16 23:57:28,-12.9306,-49.8264,77.99,35,41,3.18
267,Iskateley,RU,2022-07-16 23:57:29,67.6803,53.1512,64.67,97,100,8.46
268,Colares,PT,2022-07-16 23:57:29,38.7992,-9.4469,72.75,65,30,3.0
269,Muromtsevo,RU,2022-07-16 23:57:29,56.3724,75.2418,54.43,97,35,6.49
270,Yashan,CN,2022-07-16 23:57:30,22.1975,109.9419,83.03,85,99,4.27
271,Cap Malheureux,MU,2022-07-16 23:57:30,-19.9842,57.6142,67.46,74,20,5.01
272,Port Blair,IN,2022-07-16 23:57:30,11.6667,92.75,77.04,94,75,2.3
273,Isiro,CD,2022-07-16 23:57:31,2.7739,27.616,65.03,99,47,0.49
274,Kolpashevo,RU,2022-07-16 23:57:31,58.3131,82.9089,53.73,98,100,4.36
275,Itupiranga,BR,2022-07-16 23:57:32,-5.1347,-49.3267,77.32,60,45,1.1
276,Saltpond,GH,2022-07-16 23:57:32,5.2091,-1.0606,75.4,86,100,12.15
277,Saldanha,ZA,2022-07-16 23:58:33,-33.0117,17.9442,50.05,52,11,9.57
278,Angoche,MZ,2022-07-16 23:58:33,-16.2325,39.9086,65.61,93,18,11.92
279,Yulara,AU,2022-07-16 23:56:33,-25.2406,130.9889,57.78,22,49,5.7
280,Bushehr,IR,2022-07-16 23:58:34,28.9684,50.8385,89.2,67,4,2.1
281,Bosaso,SO,2022-07-16 23:58:35,11.2842,49.1816,89.01,42,90,25.32
282,San Juan,AR,2022-07-16 23:58:35,-31.5375,-68.5364,44.46,44,9,9.1
283,Taiping,MY,2022-07-16 23:58:35,4.85,100.7333,78.22,95,95,2.73
284,Manaus,BR,2022-07-16 23:58:36,-3.1019,-60.025,84.69,74,20,3.44
285,Cidreira,BR,2022-07-16 23:58:36,-30.1811,-50.2056,65.71,85,73,21.54
286,Kieta,PG,2022-07-16 23:58:36,-6.2167,155.6333,82.11,78,60,6.71
287,Souillac,MU,2022-07-16 23:58:37,-20.5167,57.5167,70.18,73,40,13.8
288,Olinda,BR,2022-07-16 23:58:37,-8.0089,-34.8553,74.93,94,75,8.05
289,Balabac,PH,2022-07-16 23:58:37,7.9868,117.0645,81.43,79,100,4.34
290,Idrinskoye,RU,2022-07-16 23:58:38,54.3708,92.1358,58.93,78,63,3.02
291,Biak,ID,2022-07-16 23:58:38,-0.9131,122.8766,76.48,85,100,7.09
292,Lerwick,GB,2022-07-16 23:58:39,60.1545,-1.1494,53.6,91,100,19.06
293,Nemuro,JP,2022-07-16 23:54:22,43.3236,145.575,62.31,98,100,25.08
294,Snezhnogorsk,RU,2022-07-16 23:58:39,69.1933,33.2531,55.18,91,64,1.79
295,Ranong,TH,2022-07-16 23:58:39,9.9658,98.6348,76.93,88,100,7.92
296,Nuuk,GL,2022-07-16 23:58:40,64.1835,-51.7216,43.88,70,28,15.99
297,Nanortalik,GL,2022-07-16 23:58:40,60.1432,-45.2371,41.65,83,32,6.33
298,Dormidontovka,RU,2022-07-16 23:58:41,47.7702,134.9076,65.07,91,100,3.71
299,Jalu,LY,2022-07-16 23:58:41,29.0331,21.5482,77.02,55,0,13.31
300,Galveston,US,2022-07-16 23:58:41,29.3669,-94.9669,91.17,71,2,12.28
301,Ilulissat,GL,2022-07-16 23:58:42,69.2167,-51.1,39.11,83,59,3.2
302,Tres Arroyos,AR,2022-07-16 23:58:42,-38.3739,-60.2798,36.72,74,38,8.08
303,Ko Samui,TH,2022-07-16 23:58:42,9.5357,99.9357,82.11,78,100,14.14
304,Chicla,PE,2022-07-16 23:58:43,-11.705,-76.2686,42.19,65,18,2.1
305,Tuktoyaktuk,CA,2022-07-16 23:58:43,69.4541,-133.0374,66.2,42,75,10.36
306,Lebu,CL,2022-07-16 23:58:43,-37.6167,-73.65,48.34,77,100,18.68
307,Druzhba,UA,2022-07-16 23:58:44,52.0428,33.9453,52.23,81,53,3.89
308,Big Rapids,US,2022-07-16 23:58:44,43.6981,-85.4837,78.87,61,0,4.61
309,Inta,RU,2022-07-16 23:58:45,66.0317,60.1659,64.35,66,98,9.62
310,Hamilton,US,2022-07-16 23:58:45,39.1834,-84.5333,88.95,56,65,4.0
311,Sidi Ali,DZ,2022-07-16 23:58:45,36.0998,0.4206,74.44,77,0,0.92
312,Shemonaikha,KZ,2022-07-16 23:58:46,50.6328,81.9056,63.72,78,51,4.83
313,Taft,IR,2022-07-16 23:58:46,31.7471,54.2088,71.55,11,0,0.0
314,Nisia Floresta,BR,2022-07-16 23:58:46,-6.0911,-35.2086,77.38,94,50,9.19
315,Kirakira,SB,2022-07-16 23:58:47,-10.4544,161.9205,84.09,71,22,13.56
316,Tshikapa,CD,2022-07-16 23:58:47,-6.4167,20.8,75.11,43,23,0.94
317,Tukrah,LY,2022-07-16 23:58:48,32.5341,20.5791,76.57,73,0,8.32
318,Arauca,CO,2022-07-16 23:58:48,7.0847,-70.7591,85.96,74,20,0.0
319,Kavieng,PG,2022-07-16 23:58:49,-2.5744,150.7967,82.08,78,14,14.2
320,Hasaki,JP,2022-07-16 23:58:49,35.7333,140.8333,77.4,95,100,16.87
321,Yarada,IN,2022-07-16 23:58:49,17.65,83.2667,80.92,89,75,8.05
322,Moron,AR,2022-07-16 23:59:50,-34.6534,-58.6198,49.75,69,99,9.73
323,Labuhan,ID,2022-07-16 23:59:50,-6.8844,112.2051,76.5,86,72,8.28
324,Hambantota,LK,2022-07-16 23:59:51,6.1241,81.1185,78.94,86,100,15.28
325,Eyl,SO,2022-07-16 23:59:51,7.9803,49.8164,79.97,56,86,30.38
326,Nongan,CN,2022-07-16 23:59:51,44.382,125.1685,69.73,83,12,8.97
327,San Policarpo,PH,2022-07-16 23:59:52,12.1791,125.5072,80.58,82,100,4.81
328,Laguna,US,2022-07-16 23:59:52,38.421,-121.4238,108.75,17,0,3.0
329,Alcudia,ES,2022-07-16 23:59:53,39.8532,3.1214,81.19,59,0,0.36
330,Makarov,RU,2022-07-16 23:59:53,48.6333,142.8,57.18,86,100,5.23
331,Shimoda,JP,2022-07-16 23:59:53,34.6667,138.95,80.1,86,61,8.84
332,Zalegoshch,RU,2022-07-16 23:59:54,52.9008,36.8869,59.27,70,99,4.23
333,Rio Brilhante,BR,2022-07-16 23:59:54,-21.8019,-54.5464,61.75,75,100,14.54
334,Nouadhibou,MR,2022-07-16 23:59:54,20.931,-17.0347,69.78,88,75,24.16
335,Khash,IR,2022-07-16 23:59:55,28.2211,61.2158,77.45,12,9,4.97
336,Fort Saint James,CA,2022-07-16 23:59:55,54.4333,-124.25,66.97,42,93,5.66
337,Huallanca,PE,2022-07-16 23:59:56,-9.8993,-76.9417,43.25,92,85,1.63
338,Pitiquito,MX,2022-07-16 23:59:56,30.7,-112.0833,79.38,62,53,37.09
339,Chernyshevskiy,RU,2022-07-16 23:59:56,63.0128,112.4714,53.08,94,100,7.11
340,Tarpon Springs,US,2022-07-16 23:59:57,28.1461,-82.7568,79.11,87,100,6.91
341,Turayf,SA,2022-07-16 23:59:57,31.6725,38.6637,75.45,43,0,8.05
342,Belaya Gora,RU,2022-07-16 23:59:57,68.5333,146.4167,56.28,54,95,15.43
343,Atambua,ID,2022-07-16 23:59:58,-9.1061,124.8925,73.35,73,43,5.44
344,Honningsvag,NO,2022-07-16 23:59:58,70.9821,25.9704,51.55,87,100,13.8
345,Cabo San Lucas,MX,2022-07-16 23:58:23,22.8909,-109.9124,94.6,60,8,9.78
346,Vicente Guerrero,MX,2022-07-16 23:59:58,19.1194,-98.1708,68.23,46,99,6.04
347,Melbu,NO,2022-07-16 23:59:59,68.5044,14.8297,48.02,93,100,5.75
348,Avarua,CK,2022-07-16 23:59:59,-21.2078,-159.775,77.05,73,75,19.57
349,Veshenskaya,RU,2022-07-16 23:59:59,49.6303,41.7334,70.81,54,93,9.93
350,Ponta Do Sol,PT,2022-07-17 00:00:00,32.6667,-17.1,69.71,80,31,2.77
351,Marsh Harbour,BS,2022-07-17 00:00:00,26.5412,-77.0636,82.74,79,65,12.75
352,Ornskoldsvik,SE,2022-07-17 00:00:00,63.2909,18.7153,54.55,71,100,13.8
353,Killorglin,IE,2022-07-17 00:00:01,52.1,-9.7833,57.81,89,99,6.11
354,Bereda,ES,2022-07-17 00:00:02,43.2686,-7.5406,65.14,100,98,0.78
355,Brooks,CA,2022-07-17 00:00:02,50.5834,-111.8851,91.04,29,0,9.91
356,Otane,NZ,2022-07-17 00:00:03,-39.8833,176.6333,50.02,59,0,2.59
357,Morondava,MG,2022-07-17 00:00:03,-20.2833,44.2833,66.25,74,0,5.55
358,Prainha,BR,2022-07-16 23:59:47,-1.8,-53.48,76.44,84,98,3.42
359,Norden,DE,2022-07-17 00:00:04,53.6,7.2,57.96,75,30,8.68
360,Kenai,US,2022-07-17 00:00:04,60.5544,-151.2583,57.09,94,75,6.91
361,Richards Bay,ZA,2022-07-17 00:00:05,-28.783,32.0377,60.48,88,4,6.17
362,Khao Yoi,TH,2022-07-17 00:00:06,13.2403,99.8243,74.91,82,91,3.56
363,Saraikela,IN,2022-07-17 00:00:06,22.7167,85.95,78.08,94,42,7.81
364,Gornopravdinsk,RU,2022-07-17 00:00:07,60.05,69.9,53.56,88,21,5.01
365,Victoria,HK,2022-07-16 23:57:02,22.2855,114.1577,88.97,83,100,15.01
366,Kiama,AU,2022-07-17 00:00:08,-34.6833,150.8667,65.25,49,1,3.0
367,Puerto Del Rosario,ES,2022-07-17 00:00:09,28.5004,-13.8627,73.15,73,0,17.27
368,Ayamonte,ES,2022-07-17 00:00:09,37.2099,-7.4027,79.27,57,0,4.83
369,Thinadhoo,MV,2022-07-17 00:01:10,0.5333,72.9333,82.09,80,59,13.06
370,Vostok,RU,2022-07-17 00:01:10,46.4856,135.8833,63.14,79,98,3.04
371,Karratha,AU,2022-07-17 00:01:11,-20.7377,116.8463,66.67,43,2,4.72
372,Kholodnyy,RU,2022-07-17 00:01:11,62.7167,147.95,73.63,59,54,4.7
373,Sao Felix Do Xingu,BR,2022-07-17 00:00:41,-6.6447,-51.995,78.96,47,56,2.1
374,Njeru,UG,2022-07-17 00:01:12,0.4186,33.1731,65.14,80,44,3.58
375,Silver City,US,2022-07-17 00:01:12,32.7701,-108.2803,94.96,21,0,13.8
376,Charters Towers,AU,2022-07-17 00:01:13,-20.1,146.2667,65.66,61,0,10.31
377,Barcelos,PT,2022-07-16 23:57:24,41.5388,-8.6151,74.84,68,62,0.98
378,Bathsheba,BB,2022-07-17 00:01:13,13.2167,-59.5167,78.04,96,100,21.18
379,Imeni Babushkina,RU,2022-07-17 00:01:14,59.7573,43.1285,53.15,89,43,3.22
380,Dzaoudzi,YT,2022-07-17 00:01:14,-12.7887,45.2699,73.29,83,0,11.5
381,Wanning,CN,2022-07-17 00:01:14,18.8003,110.3967,83.5,84,100,8.9
382,Mocuba,MZ,2022-07-17 00:01:15,-16.8392,36.9856,59.45,99,36,4.47
383,Daura,NG,2022-07-17 00:01:15,11.5538,11.4085,76.95,73,97,5.32
384,College,US,2022-07-16 23:58:37,64.8569,-147.8028,65.59,74,75,6.91
385,Port Charlotte,US,2022-07-17 00:00:03,26.9762,-82.0906,78.98,86,100,11.99
386,Asau,RO,2022-07-17 00:01:16,46.4333,26.4,60.28,57,3,5.32
387,Itarema,BR,2022-07-17 00:01:16,-2.9248,-39.9167,79.25,79,14,15.17
388,Umm Lajj,SA,2022-07-16 23:58:27,25.0213,37.2685,82.94,71,33,7.74
389,Rocha,UY,2022-07-17 00:01:16,-34.4833,-54.3333,47.07,90,100,19.44
390,Port Lavaca,US,2022-07-17 00:01:17,28.615,-96.6261,92.14,64,0,17.27
391,Bolshaya Sosnova,RU,2022-07-17 00:01:17,57.6713,54.6029,58.46,89,1,4.25
392,Xuddur,SO,2022-07-17 00:01:18,4.1213,43.8894,68.85,81,47,20.89
393,Bestobe,KZ,2022-07-17 00:01:18,52.4994,73.0975,65.8,81,73,11.63
394,Sungai Besar,MY,2022-07-17 00:01:18,3.6746,100.9867,78.55,83,91,4.76
395,Priladozhskiy,RU,2022-07-17 00:01:19,59.85,31.4833,53.49,80,38,8.41
396,Mbaiki,CF,2022-07-17 00:01:19,3.8678,17.9892,69.66,95,92,1.34
397,Menzelinsk,RU,2022-07-17 00:01:20,55.7271,53.1026,61.52,87,11,2.51
398,Kharan,PK,2022-07-17 00:01:20,28.5833,65.4167,87.71,46,15,4.38
399,Rjukan,NO,2022-07-17 00:01:20,59.8789,8.5941,54.45,82,65,7.25
400,Presidencia Roque Saenz Pena,AR,2022-07-17 00:01:21,-26.7852,-60.4388,47.08,77,35,5.75
401,Sola,VU,2022-07-17 00:01:21,-13.8833,167.55,80.2,77,41,22.46
402,Frontera,MX,2022-07-17 00:00:19,26.9333,-101.45,94.32,33,16,1.99
403,Auki,SB,2022-07-17 00:01:22,-8.7676,160.7034,84.45,65,36,5.17
404,Chunskiy,RU,2022-07-17 00:01:22,56.0815,99.6342,58.37,79,77,2.68
405,Weatherford,US,2022-07-17 00:01:21,32.7593,-97.7972,99.66,35,25,1.99
406,Verkhniy Lomov,RU,2022-07-17 00:01:23,53.4678,43.5511,60.15,73,83,1.32
407,Camacha,PT,2022-07-17 00:01:23,33.0833,-16.3333,65.62,88,20,8.05
408,Troitsko-Pechorsk,RU,2022-07-17 00:01:23,62.7084,56.1964,62.46,98,100,2.3
409,Alofi,NU,2022-07-17 00:01:24,-19.0595,-169.9187,78.21,67,32,18.99
410,Andra,RU,2022-07-17 00:01:24,62.5147,65.8878,56.26,72,88,2.73
411,Kirensk,RU,2022-07-17 00:01:24,57.7853,108.1119,56.79,97,100,1.83
412,Fukuma,JP,2022-07-17 00:01:12,33.7667,130.4667,82.4,74,100,11.3
413,Luderitz,NA,2022-07-17 00:01:25,-26.6481,15.1594,70.77,27,0,8.08
414,Montemorelos,MX,2022-07-17 00:01:26,25.2,-99.8167,96.62,22,28,15.37
415,Caucaia,BR,2022-07-17 00:01:26,-3.7361,-38.6531,80.04,78,50,9.66
416,Greytown,ZA,2022-07-17 00:02:26,-29.0642,30.5928,46.18,75,0,2.51
417,Myrtle Beach,US,2022-07-17 00:00:01,33.6891,-78.8867,81.1,85,87,1.01
418,Nsanje,MW,2022-07-17 00:02:27,-16.92,35.262,60.28,96,83,3.06
419,Mackay,AU,2022-07-17 00:00:23,-21.15,149.2,70.68,74,59,13.62
420,Zavidovici,BA,2022-07-17 00:02:27,44.4458,18.1497,64.15,86,10,2.24
421,Palimbang,PH,2022-07-17 00:02:27,6.2106,124.1894,78.58,80,100,3.47
422,Brae,GB,2022-07-17 00:02:28,60.3964,-1.353,55.13,94,100,20.15
423,Solnechnyy,RU,2022-07-17 00:02:28,50.7214,136.6319,72.82,72,100,4.32
424,Mareeba,AU,2022-07-17 00:02:28,-17.0,145.4333,70.45,77,42,6.06
425,Port Pirie,AU,2022-07-17 00:01:06,-33.1833,138.0167,55.02,83,68,12.5
426,San Luis,AR,2022-07-17 00:02:29,-33.295,-66.3356,35.74,71,9,8.08
427,Bilma,NE,2022-07-17 00:02:29,18.6853,12.9164,88.2,39,2,2.28
428,San-Pedro,CI,2022-07-17 00:02:30,4.7485,-6.6363,74.91,87,96,9.06
429,Panaba,MX,2022-07-17 00:02:30,21.2833,-88.2667,84.49,56,74,12.03
430,Lethem,GY,2022-07-17 00:02:30,3.3803,-59.7968,78.71,81,50,4.34
431,Les Escoumins,CA,2022-07-17 00:02:31,48.1111,-69.0236,64.38,65,64,11.83
432,Toppenish,US,2022-07-17 00:02:31,46.3774,-120.3087,93.72,29,0,19.71
433,Talakan,RU,2022-07-17 00:02:31,50.3167,130.3667,71.85,84,100,4.12
434,Tequila,MX,2022-07-17 00:02:31,20.8833,-103.8333,74.62,79,95,4.03
435,Wagar,SD,2022-07-17 00:02:32,16.1525,36.2032,84.27,56,35,18.41
436,Kambove,CD,2022-07-17 00:02:32,-10.8764,26.5969,55.4,54,0,7.78
437,Amga,RU,2022-07-17 00:02:32,60.8953,131.9608,83.59,57,43,2.8
438,Sosnovo-Ozerskoye,RU,2022-07-17 00:02:33,52.5249,111.5418,56.16,77,91,10.04
439,Manggar,ID,2022-07-17 00:02:33,-2.8833,108.2667,79.0,75,100,3.24
440,Palu,ID,2022-07-17 00:02:33,-0.8917,119.8707,80.17,85,98,1.21
441,Bahia Honda,CU,2022-07-17 00:02:34,22.9036,-83.1592,81.77,75,39,4.29
442,Ishigaki,JP,2022-07-17 00:02:34,24.3448,124.1572,85.17,85,100,9.71
443,Seddon,AU,2022-07-17 00:02:34,-37.8068,144.8916,58.21,76,40,13.8
444,Beringovskiy,RU,2022-07-17 00:02:35,63.05,179.3167,60.17,64,38,1.66
445,Tuy Hoa,VN,2022-07-17 00:02:35,13.0833,109.3,80.02,83,74,7.85
446,Sharan,RU,2022-07-17 00:02:35,54.8167,54.0,61.54,89,68,1.59
447,Kantang,TH,2022-07-17 00:02:36,7.4054,99.5156,76.78,94,100,2.73
448,Rawson,AR,2022-07-17 00:00:54,-43.3002,-65.1023,40.24,57,50,8.23
449,Kangaba,ML,2022-07-17 00:02:36,11.9333,-8.4167,73.71,94,99,0.63
450,Doha,QA,2022-07-17 00:02:36,25.2867,51.5333,94.98,63,60,2.3
451,Kunming,CN,2022-07-17 00:02:37,25.0389,102.7183,69.22,81,100,5.08
452,Pokhara,NP,2022-07-17 00:02:37,28.2333,83.9833,72.5,80,75,4.43
453,Asyut,EG,2022-07-16 23:58:04,27.181,31.1837,82.58,32,0,8.95
454,Vanavara,RU,2022-07-17 00:02:38,60.34,102.2797,61.81,63,95,2.08
455,Pardina,RO,2022-07-17 00:02:38,45.3064,28.9569,68.59,74,6,7.29
456,Gat,IL,2022-07-17 00:02:38,31.61,34.7642,74.39,100,0,2.21
457,Woodstock,CA,2022-07-16 23:59:34,43.1334,-80.7497,79.07,81,62,4.0
458,Altamira,BR,2022-07-17 00:02:18,-3.2033,-52.2064,75.87,74,74,1.77
459,Kiruna,SE,2022-07-17 00:02:39,67.8557,20.2251,45.52,87,100,10.36
460,Stornoway,GB,2022-07-17 00:02:39,58.2093,-6.3865,57.16,90,75,12.66
461,Iringa,TZ,2022-07-17 00:03:40,-7.7667,35.7,52.81,74,18,10.58
462,Urumqi,CN,2022-07-17 00:00:06,43.801,87.6005,72.55,29,0,6.71
463,Vojens,DK,2022-07-17 00:03:40,55.2464,9.306,56.62,71,75,9.22
464,Roros,NO,2022-07-17 00:03:40,62.5747,11.3842,44.44,70,100,8.05
465,Saint-Georges,GD,2022-07-17 00:03:41,12.0564,-61.7485,79.32,82,100,18.86
466,Chihuahua,MX,2022-07-17 00:03:41,28.5,-106.0,88.63,27,81,12.26
467,Seoul,KR,2022-07-17 00:03:41,37.5683,126.9778,76.44,77,97,4.5
468,Waipawa,NZ,2022-07-17 00:03:42,-41.4122,175.5153,49.24,63,0,7.49
469,Komatipoort,ZA,2022-07-17 00:03:42,-25.4332,31.9548,56.05,90,30,4.59
470,Comodoro Rivadavia,AR,2022-07-17 00:03:42,-45.8667,-67.5,39.06,65,0,8.05
471,Dongsheng,CN,2022-07-17 00:00:32,39.8161,109.9776,69.24,35,50,12.97
472,Adrar,MR,2022-07-17 00:03:43,20.5022,-10.0711,95.02,8,40,12.44
473,Haines Junction,CA,2022-07-17 00:03:43,60.7522,-137.5108,52.32,82,100,5.75
474,Aitape,PG,2022-07-17 00:03:44,-3.1374,142.3475,80.82,86,100,5.95
475,Sorland,NO,2022-07-17 00:03:44,67.667,12.6934,48.06,79,87,9.62
476,Kahului,US,2022-07-17 00:03:44,20.8947,-156.47,87.82,69,40,26.46
477,Reitz,ZA,2022-07-17 00:03:45,-27.8014,28.4273,42.55,53,0,3.65
478,Palmer,US,2022-07-17 00:03:45,42.1584,-72.3287,76.37,68,100,4.65
479,Bara,NG,2022-07-17 00:03:46,10.3744,10.7288,73.33,92,89,4.85
480,Pietermaritzburg,ZA,2022-07-17 00:03:46,-29.6168,30.3928,50.68,64,0,4.41
481,Cockburn Town,TC,2022-07-17 00:03:46,21.4612,-71.1419,81.68,86,51,21.65
482,Omsukchan,RU,2022-07-17 00:03:47,62.5333,155.8,67.12,76,98,1.54
483,Nova Serrana,BR,2022-07-17 00:02:59,-19.8761,-44.9836,65.79,58,73,2.57
484,Yanam,IN,2022-07-17 00:03:47,16.7333,82.2167,76.82,95,100,4.54
485,Te Anau,NZ,2022-07-17 00:03:48,-45.4167,167.7167,42.21,95,100,6.78
486,Pocone,BR,2022-07-17 00:03:48,-16.2567,-56.6228,82.24,37,62,6.2
487,Zyryanka,RU,2022-07-17 00:03:48,65.75,150.85,61.36,64,100,11.23
488,Anan,JP,2022-07-17 00:03:49,33.9167,134.65,78.67,77,56,1.36
489,Baneh,IR,2022-07-17 00:03:49,35.9975,45.8853,73.36,18,0,5.97
490,Ocos,GT,2022-07-17 00:03:50,14.5094,-92.1933,82.58,75,98,6.24
491,Saint Anthony,US,2022-07-17 00:03:50,45.0205,-93.218,83.89,57,40,10.36
492,Yakeshi,CN,2022-07-17 00:03:51,49.2833,120.7333,64.67,95,100,3.49
493,Alghero,IT,2022-07-17 00:03:51,40.5589,8.3181,71.69,100,0,2.3
494,Manali,IN,2022-07-17 00:03:51,13.1667,80.2667,80.69,87,100,10.67
495,Pombas,CV,2022-07-17 00:03:52,17.1503,-25.0201,72.36,81,55,9.1
496,Sisimiut,GL,2022-07-17 00:03:52,66.9395,-53.6735,42.24,83,89,5.26
497,Bafra,TR,2022-07-17 00:03:52,41.5678,35.9069,73.56,68,61,7.81
498,Mago,RU,2022-07-17 00:03:53,53.2514,140.1822,75.61,55,96,3.58
499,Porbandar,IN,2022-07-17 00:03:53,21.6422,69.6093,81.77,84,60,21.77
500,Kartaly,RU,2022-07-17 00:03:54,53.0522,60.6467,59.92,89,4,10.07
501,Ypsonas,CY,2022-07-17 00:03:54,34.6884,32.9574,81.28,73,0,8.05
502,Kerman,IR,2022-07-17 00:00:31,30.2832,57.0788,76.57,12,0,1.59
503,Henties Bay,NA,2022-07-17 00:03:54,-22.116,14.2845,67.08,43,0,3.53
504,Ozernovskiy,RU,2022-07-17 00:03:55,51.5,156.5167,53.47,97,100,6.71
505,Yara,CU,2022-07-17 00:03:55,20.2753,-76.9533,79.0,82,96,1.39
506,Mozarlandia,BR,2022-07-17 00:03:56,-14.7447,-50.5706,77.38,36,57,3.94
507,Shubarshi,KZ,2022-07-17 00:03:56,48.5872,57.1869,73.35,57,2,7.31
508,Shahr-E Babak,IR,2022-07-17 00:03:56,30.1165,55.1186,73.71,13,1,10.71
509,Harbour Breton,CA,2022-07-17 00:04:57,47.4833,-55.7983,58.64,91,27,9.48
510,Uyuni,BO,2022-07-17 00:04:57,-20.4597,-66.825,36.9,14,0,10.87
511,Jizan,SA,2022-07-17 00:04:57,17.3333,42.6667,88.56,46,67,2.77
512,Shenzhen,CN,2022-07-17 00:04:58,22.5455,114.0683,89.85,85,100,11.1
513,Eyemouth,GB,2022-07-17 00:04:58,55.8713,-2.0901,61.23,85,98,9.17
514,Gamba,GA,2022-07-17 00:04:59,-2.65,10.0,69.17,93,90,4.23
515,Baruun-Urt,MN,2022-07-17 00:04:59,46.6806,113.2792,62.01,67,91,13.04
516,Anadyr,RU,2022-07-17 00:05:00,64.75,177.4833,55.62,78,41,13.6
517,Yeniseysk,RU,2022-07-17 00:05:00,58.4497,92.1703,54.77,81,48,3.33
518,Muisne,EC,2022-07-17 00:05:00,0.6,-80.0333,73.85,87,100,8.08
519,Tomatlan,MX,2022-07-17 00:05:01,19.9333,-105.25,83.19,71,64,4.85
520,Vigrestad,NO,2022-07-17 00:05:01,58.5667,5.7,52.59,73,96,14.58
521,Santa Rosa,PH,2022-07-17 00:00:29,14.3122,121.1114,82.02,83,100,0.83
522,Ouesso,CG,2022-07-17 00:05:02,1.6136,16.0517,75.74,76,98,2.24
523,Menongue,AO,2022-07-17 00:05:02,-14.6585,17.691,49.62,57,0,6.2
524,Cassilandia,BR,2022-07-17 00:05:02,-19.1133,-51.7342,75.88,40,98,3.15
525,Ayagoz,KZ,2022-07-17 00:05:03,47.9714,80.4392,70.39,35,53,8.81
526,Kushima,JP,2022-07-17 00:05:03,31.4583,131.2333,82.15,64,99,7.09
527,Tongzhou,CN,2022-07-17 00:05:04,39.9053,116.5994,80.71,83,41,2.24
528,Ararat,AM,2022-07-17 00:00:25,39.8317,44.7049,82.74,46,0,3.62
529,Jacareacanga,BR,2022-07-17 00:05:04,-6.2222,-57.7528,77.95,65,36,2.62
530,Leeton,AU,2022-07-17 00:05:05,-34.5667,146.4,52.9,54,77,15.21
531,Mwense,ZM,2022-07-17 00:05:05,-10.3845,28.698,60.67,57,24,6.29
532,Fare,PF,2022-07-17 00:05:05,-16.7,-151.0167,77.54,59,65,20.33
533,Along,IN,2022-07-17 00:05:06,28.1667,94.7667,77.45,96,66,1.3
534,Ellisras,ZA,2022-07-17 00:05:06,-23.6649,27.7443,49.12,82,0,3.33
535,Muros,ES,2022-07-17 00:05:07,42.7762,-9.0603,67.08,89,78,3.69
536,Portland,US,2022-07-17 00:03:30,45.5234,-122.6762,79.61,59,75,6.91
537,Geraldton,AU,2022-07-17 00:05:07,-28.7667,114.6,55.81,82,100,10.36
538,Lukovetskiy,RU,2022-07-17 00:05:08,64.2956,41.9211,52.05,98,6,4.34
539,Narasannapeta,IN,2022-07-17 00:05:08,18.4167,84.05,77.05,94,100,9.78
540,Necochea,AR,2022-07-17 00:05:08,-38.5473,-58.7368,46.13,60,90,22.28
541,Kargopol,RU,2022-07-17 00:05:09,61.5071,38.9456,48.7,97,22,4.32
542,Tuscaloosa,US,2022-07-17 00:05:09,33.2098,-87.5692,90.55,60,0,4.61
543,Walvis Bay,NA,2022-07-17 00:05:10,-22.9575,14.5053,64.09,32,0,10.4
544,Falmouth,GB,2022-07-17 00:05:10,50.1544,-5.0711,65.3,72,75,14.97
545,Aklavik,CA,2022-07-17 00:05:10,68.2191,-135.0107,54.45,88,99,8.99
546,Chabahar,IR,2022-07-17 00:05:11,25.2919,60.643,83.16,86,100,8.84
547,Chuguyevka,RU,2022-07-17 00:05:11,44.1653,133.8633,65.37,78,100,6.98
548,Madimba,TZ,2022-07-17 00:05:12,-10.4,40.3333,68.36,88,2,9.82
549,Voznesenye,RU,2022-07-17 00:05:12,61.0106,35.4781,52.2,89,11,7.61
550,Sembe,CG,2022-07-17 00:05:12,1.6481,14.5806,72.12,85,81,2.57
551,Kualakapuas,ID,2022-07-17 00:05:13,-3.0091,114.3876,74.25,97,97,6.69
552,Deputatskiy,RU,2022-07-17 00:06:13,69.3,139.9,52.45,52,89,5.88
553,Oppdal,NO,2022-07-17 00:06:13,62.5943,9.6912,41.79,93,95,3.06
554,Medeiros Neto,BR,2022-07-17 00:06:14,-17.3739,-40.2206,66.09,88,2,7.18
555,Save,BJ,2022-07-17 00:06:14,8.0425,2.486,71.46,96,100,6.87
556,Maniitsoq,GL,2022-07-17 00:06:15,65.4167,-52.9,41.43,83,99,14.03
557,Paramo,ES,2022-07-17 00:06:15,43.1007,-6.0423,63.55,38,99,5.88
558,Parabel,RU,2022-07-17 00:06:16,58.6978,81.4825,54.28,95,100,5.1
559,Malartic,CA,2022-07-17 00:02:09,48.1335,-78.1328,77.11,87,76,3.29
560,Alugan,PH,2022-07-17 00:06:16,12.2188,125.4808,80.35,81,100,4.74
561,Puerto Lempira,HN,2022-07-17 00:06:16,15.2667,-83.7667,80.74,78,40,6.91
562,San Vicente De Canete,PE,2022-07-17 00:06:17,-13.0751,-76.3835,61.57,81,14,2.71
563,Cayenne,GF,2022-07-17 00:02:49,4.9333,-52.3333,82.09,1,0,2.3
564,Kollo,NE,2022-07-17 00:06:17,13.3043,2.339,79.95,68,97,5.97
565,Sungairaya,ID,2022-07-17 00:06:18,0.7,108.9,78.04,83,100,8.99
566,Gubkinskiy,RU,2022-07-17 00:06:18,64.434,76.5026,59.16,63,25,11.95
567,Ruwi,OM,2022-07-17 00:06:18,23.5996,58.5507,91.67,62,100,3.02
568,Gelemso,ET,2022-07-17 00:06:19,8.8167,40.5167,61.63,78,66,4.47
569,San Quintin,MX,2022-07-17 00:06:19,30.4833,-115.95,71.51,73,4,13.56
570,Shenjiamen,CN,2022-07-17 00:06:20,29.9576,122.298,79.56,90,100,10.83
571,Bonavista,CA,2022-07-17 00:06:20,48.6499,-53.1147,57.2,84,80,7.56
572,Omboue,GA,2022-07-17 00:06:21,-1.5746,9.2618,70.83,90,93,5.57
